ChEBI ID	Name
CHEBI:10115	zingiberene
CHEBI:10213	alpha-amyrin
CHEBI:10216	cedr-8-ene
CHEBI:10221	alpha-copaene
CHEBI:10278	alpha-eudesmol
CHEBI:10280	(E,E)-alpha-farnesene
CHEBI:10334	alpha-terpinene
CHEBI:10352	beta-amyrin
CHEBI:10357	(-)-beta-caryophyllene
CHEBI:10363	beta-cubebene
CHEBI:10417	beta-eudesmol
CHEBI:10418	trans-beta-farnesene
CHEBI:10440	(-)-beta-santalene
CHEBI:10443	(+)-beta-selinene
CHEBI:10577	gamma-terpinene
CHEBI:10782	(S)-(-)-perillyl alcohol
CHEBI:1156	2-hydroxyestrone
CHEBI:128	(S)-(-)-alpha-terpineol
CHEBI:128753	(2E)-4-hydroxy-3-methylbut-2-enyl diphosphate(3-)
CHEBI:128769	isopentenyl diphosphate(3-)
CHEBI:129	(-)-beta-phellandrene
CHEBI:131856	3,5-dimethylorsellinate
CHEBI:131857	(3R)-farnesyl-2,3,5-trimethyl-6-oxido-4-oxocyclohexa-1,5-diene-1-carboxylate
CHEBI:131964	(14S,15R)-EET(1-)
CHEBI:131965	(14R,15S)-EET(1-)
CHEBI:131969	(11S,12R)-EET(1-)
CHEBI:131970	(11R,12S)-EET(1-)
CHEBI:131974	(8S,9R)-EET(1-)
CHEBI:131975	(8R,9S)-EET(1-)
CHEBI:132024	19-HETrE(1-)
CHEBI:132025	21-HDoHE(1-)
CHEBI:132830	delta-elemene
CHEBI:132831	beta-maaliene
CHEBI:133345	10-HETE(1-)
CHEBI:136410	(4Z,7Z,10Z,13Z,16Z,19R,20S)-19,20-epoxydocosapentaenoate
CHEBI:136411	(4Z,7Z,10Z,13Z,16Z,19S,20R)-19,20-epoxydocosapentaenoate
CHEBI:136439	(5Z,11Z,14Z,17Z)-8,9-epoxyicosatetraenoate
CHEBI:136441	(5Z,8Z,14Z,17Z)-11,12-epoxyicosatetraenoate
CHEBI:136443	(5Z,8Z,11Z,17Z)-14,15-epoxyicosatetraenoate
CHEBI:136524	13-HETE(1-)
CHEBI:136654	13(S)-HETE(1-)
CHEBI:136655	13(R)-HODE(1-)
CHEBI:13705	acetoacetate
CHEBI:137522	(+)-isoafricanol
CHEBI:137523	(-)-spiroviolene
CHEBI:137528	tsukubadiene
CHEBI:137530	(2S,3R,6S,9S)-(-)-protoillud-7-ene
CHEBI:137531	(3S)-(+)-asterisca-2(9),6-diene
CHEBI:137533	(-)-alpha-amorphene
CHEBI:137535	(+)-corvol ether A
CHEBI:137536	(+)-corvol ether B
CHEBI:137562	(+)-eremophilene
CHEBI:137563	(1R,4R,5S)-(-)-guaia-6,10(14)-diene
CHEBI:137564	(+)-(1(10)E,4E,6S,7R)-germacradien-6-ol
CHEBI:137565	(3E,7E)-dolabella-3,7-dien-18-ol
CHEBI:138037	10-epi-juneol
CHEBI:138039	(3E,7E)-dolathalia-3,7,11-triene
CHEBI:138040	7-epi-alpha-eudesmol
CHEBI:138041	(+)-4-epi-cubebol
CHEBI:138042	tau-cadinol
CHEBI:138043	(2E,6E)-hedycaryol
CHEBI:138044	(2Z,6E)-hedycaryol
CHEBI:138045	(-)-10-epi-cubebol
CHEBI:138046	sesterfisherol
CHEBI:138047	beta-thujene
CHEBI:138048	stellata-2,6,19-triene
CHEBI:138049	guaia-4,6-diene
CHEBI:138050	pseudolaratriene
CHEBI:138051	selina-4(15),7(11)-diene
CHEBI:138165	(+)-(2S,3R,9R)-pristinol
CHEBI:138166	nezukol
CHEBI:138167	5-hydroxy-alpha-gurjunene
CHEBI:138219	ent-atiserene
CHEBI:138223	ent-copal-8-ol diphosphate(3-)
CHEBI:138224	(13R)-epi-8,13-epoxylabd-14-ene
CHEBI:138226	beta-geranylfarnesene
CHEBI:138227	beta-hexaprene
CHEBI:138228	beta-heptaprene
CHEBI:138232	peregrinol diphosphate(3-)
CHEBI:138233	9,13(R)-epoxylabd-14-ene
CHEBI:138234	(13R)-manoyl oxide
CHEBI:138247	cycloaraneosene
CHEBI:138301	labda-7,13(16),14-triene
CHEBI:138302	(12E)-labda-8(17),12,14-triene
CHEBI:138303	alpha-onocerin
CHEBI:138305	(21S)-21,22-epoxypolypoda-8(26)-13,17-trien-3beta-ol
CHEBI:138307	(3S,22S)-2,3:22,23-diepoxy-2,3,22,23-tetrahydrosqualene
CHEBI:138310	(-)-kolavenyl diphosphate(3-)
CHEBI:138311	(+)-kolavenyl diphosphate(3-)
CHEBI:138383	(4S,7R)-7-isopropyl-4-methyloxepan-2-one
CHEBI:138596	(4S,7S)-7-hydroxy-4-isopropenyl-7-methyloxepan-2-one
CHEBI:138597	(4R,7R)-7-hydroxy-4-isopropenyl-7-methyloxepan-2-one
CHEBI:138656	rhizathalene A
CHEBI:138726	3'-unsubstituted flavone
CHEBI:139032	nerylneryl diphosphate(3-)
CHEBI:139494	beta-pinacene
CHEBI:140184	hydroxyfenbendazole
CHEBI:140564	delta-cadinene
CHEBI:141020	cyclooctat-9-en-5,7-diol
CHEBI:141283	(6E)-nerolidol
CHEBI:141820	3beta-hydroxy-15,16-epoxydolabrene
CHEBI:141821	15,16-epoxydolabrene
CHEBI:141822	dolabradiene
CHEBI:141852	zealexin A1(1-)
CHEBI:142491	R-H
CHEBI:142536	7-epi-ent-eudesmane-5,11-diol
CHEBI:142537	(-)-5-epi-eremophilene
CHEBI:142541	hydropyrene
CHEBI:142542	hydropyrenol
CHEBI:142543	isoelisabethatriene
CHEBI:142592	(E)-non-2-enal
CHEBI:143197	culmorin
CHEBI:143550	sesquisabinene B
CHEBI:143551	sesquisabinene A
CHEBI:143779	valerianol
CHEBI:143898	(R,R)-chrysanthemol
CHEBI:143905	dihydroartemisinate
CHEBI:143908	(E)-non-2-enoate
CHEBI:143949	(R)-lavandulyl diphosphate(3-)
CHEBI:143951	(Z,S)-jasmolone
CHEBI:143952	(Z,S)-cinerolone
CHEBI:144481	(S)-8-oxocitronellyl enol
CHEBI:145543	viteagnusin D
CHEBI:145549	labd-13(16),14-diene-9-ol
CHEBI:145566	syn-isopimara-7,15-diene
CHEBI:145806	(R)-(+)-perillyl alcohol
CHEBI:146152	ilicicolinate B
CHEBI:146153	ilicicolin B
CHEBI:146154	ilicicolin A(1-)
CHEBI:146155	ilicicolin A epoxide(1-)
CHEBI:146156	ilicicolin C(1-)
CHEBI:146157	ascochlorin(1-)
CHEBI:146158	16-hydroxy-ilicicolin A epoxide(1-)
CHEBI:146159	ascofuranol(1-)
CHEBI:146160	ascofuranone(1-)
CHEBI:149665	(5S,9S,10S)-drim-7-en-11-yl diphosphate(3-)
CHEBI:149703	nicotinyl-CoA(4-)
CHEBI:149707	2-oxo-6-(pyridin-3-yl)-2H-pyran-4-olate
CHEBI:149708	2-oxo-3-[(2E,6E)-farnesyl]-6-(pyridin-3-yl)-2H-pyran-4-olate
CHEBI:149709	2-oxo-3-[(8S)-epoxy-(2E,6E)-farnesyl]-6-(pyridin-3-yl)-2H-pyran-4-olate
CHEBI:149710	deacetylpyripyropene E
CHEBI:15382	(4R)-limonene
CHEBI:15383	(4S)-limonene
CHEBI:15384	limonene
CHEBI:15385	(+)-delta-cadinene
CHEBI:15388	(+)-trans-carveol
CHEBI:15389	(-)-trans-carveol
CHEBI:15392	(1R)-bornane-2,5-dione
CHEBI:15398	(+)-exo-5-hydroxycamphor
CHEBI:15399	(+)-carvone
CHEBI:154	(+)-dihydrocarvone
CHEBI:15400	(-)-carvone
CHEBI:15401	(+)-dihydrokaempferol
CHEBI:15405	(-)-endo-fenchol
CHEBI:15408	(-)-isopiperitenone
CHEBI:15410	(-)-menthone
CHEBI:15415	ent-kaurene
CHEBI:15420	perillyl alcohol
CHEBI:15421	perillyl aldehyde
CHEBI:15440	squalene
CHEBI:15441	(S)-2,3-epoxysqualene
CHEBI:155906	dauca-4,7-diene
CHEBI:155907	asperaculane D(1-)
CHEBI:155909	asperaculane E(1-)
CHEBI:155910	aculene D
CHEBI:155911	asperaculane G(1-)
CHEBI:155912	aculene C
CHEBI:155913	aculene B(1+)
CHEBI:155914	aculene A(1+)
CHEBI:156223	(-)-delta-cadinol
CHEBI:156237	phomopsene
CHEBI:156343	preaustinoid A2
CHEBI:156346	preaustinoid A3
CHEBI:156350	protoaustinoid A
CHEBI:156380	protoaustinoid B
CHEBI:156409	verruculide C
CHEBI:156410	verruculide C epoxide
CHEBI:156411	3-hydroxypentacecilide A
CHEBI:156412	chrodrimanin C
CHEBI:156413	verruculide A
CHEBI:156414	chrodrimanin T
CHEBI:156415	chrodrimanin F
CHEBI:156416	chrodrimanin H
CHEBI:156417	chrodrimanin E
CHEBI:156418	chrodrimanin A
CHEBI:156420	chrodrimanin B
CHEBI:156459	asnovolin A
CHEBI:156460	novofumigatonin
CHEBI:156464	chermesin D(1-)
CHEBI:156465	asnovolin H(1-)
CHEBI:15861	trichodiene
CHEBI:16113	cholesterol
CHEBI:16162	o-orsellinate
CHEBI:162247	2-cis,6-trans-farnesyl diphosphate(3-)
CHEBI:16368	6-hydroxymellein
CHEBI:16377	sabinene hydrate
CHEBI:16431	limonene 1,2-epoxide
CHEBI:16458	triacetate lactone
CHEBI:16469	17beta-estradiol
CHEBI:16521	lanosterol
CHEBI:166	(+)-isodihydrocarvone
CHEBI:16619	(2-trans,6-trans)-farnesol
CHEBI:166670	Allo-Aromadendrene
CHEBI:167323	koraiol
CHEBI:167324	(-)-alpha-acorenol
CHEBI:167379	trichobrasilenol
CHEBI:167380	african-3-ene
CHEBI:167381	african-1-ene
CHEBI:167397	(-)-Aristolene
CHEBI:167398	1(10)-Aristolene
CHEBI:167454	stellatate
CHEBI:167511	preasperterpenoid A
CHEBI:167512	asperterpenoid A(1-)
CHEBI:167513	asperterpenoid B(2-)
CHEBI:167514	asperterpenoid C(1-)
CHEBI:167518	quiannulatene
CHEBI:167519	quiannulatate
CHEBI:167548	ophiobolin C
CHEBI:167682	(3R)-[(10S)-11-epoxyfarnesyl]-2,3,5-trimethyl-6-oxido-4-oxocyclohexa-1,5-diene-1-carboxylate
CHEBI:167683	asnovolin J
CHEBI:167684	asnovolin I(1-)
CHEBI:167685	asnovolin K
CHEBI:167687	fumigatonoid A
CHEBI:167688	fumigatonoid B
CHEBI:167689	fumigatonoid C
CHEBI:167691	chermesin D methyl ester
CHEBI:16832	kievitone
CHEBI:16980	geranial
CHEBI:169979	(+)-trans-isopiperitenol
CHEBI:170011	prekainate(1-)
CHEBI:17030	cycloartenol
CHEBI:17219	limonene-1,2-diol
CHEBI:17221	beta-myrcene
CHEBI:17231	m-cresol
CHEBI:172365	N-geranyl-L-glutamate(1-)
CHEBI:172366	N-(7'-carboxy-7'-demethylgeranyl)-L-glutamate(2-)
CHEBI:17251	pentalenene
CHEBI:17263	estrone
CHEBI:172925	beta-acoradiene
CHEBI:172926	alpha-acoradiene
CHEBI:172939	astellifadiene
CHEBI:173121	(1S,6S,7R)-sesquipiperitol
CHEBI:17447	geraniol
CHEBI:17529	kievitone hydrate
CHEBI:175763	2-trans,6-trans-farnesyl diphosphate(3-)
CHEBI:17580	linalool
CHEBI:17695	casbene
CHEBI:176971	N-(8'-hydroxygeranyl)-L-glutamate(1-)
CHEBI:176972	N-(8'-oxogeranyl)-L-glutamate(1-)
CHEBI:177888	variediene
CHEBI:177897	penichrysol
CHEBI:178033	gamma-gurjunene
CHEBI:17846	(S)-naringenin
CHEBI:17935	octanal
CHEBI:17948	(+)-taxifolin
CHEBI:18130	(-)-5-oxo-1,2-campholide
CHEBI:188453	beta-ylangene
CHEBI:191385	fusoxypene A
CHEBI:191386	fusoxypene B
CHEBI:191387	fusoxypene C
CHEBI:191388	(-)-astellatene
CHEBI:191389	preaspterpenacid acid I
CHEBI:191390	preaspterpenacid acid II
CHEBI:192746	alpha-springene
CHEBI:192978	talaropentaene
CHEBI:192980	macrophomene
CHEBI:192981	colleterpenol
CHEBI:192990	(5R,12R,14S)-dolasta-1(15),8-diene
CHEBI:192991	delta-araneosene
CHEBI:192996	discoidol
CHEBI:193072	(-)-beta-barbatene
CHEBI:193073	(S)-nephthenol
CHEBI:193074	beta-araneosene
CHEBI:193079	[(1'E)-5'-(3',3'-dimethyloxiran-2'-yl)-3'-hydroxy-3'-methylpent-1'-en-1'-yl]-quinolinone B
CHEBI:193086	(+)-beta-barbatene
CHEBI:193096	discodiene
CHEBI:193107	N(6),N(6)-dimethyl-L-lysinium
CHEBI:193108	N,N-dimethyl-cadaverine(+2)
CHEBI:193109	(6S)-6-ammonio-3,3-dimethyl-2-oxoheptanedioate
CHEBI:193158	talarodiene
CHEBI:193165	5-dehydrofumagillol
CHEBI:193166	(+)-exo-beta-bergamotene
CHEBI:193517	5-dehydro-6-demethoxyfumagillol
CHEBI:193518	5-dehydro-6-demethoxy-6-hydroxyfumagillol
CHEBI:193520	prefumagillin
CHEBI:193561	(1'E,3'E)-5-(3,3-dimethyloxiran-2-yl)-3-methylhexa-1,3-dienyl-quinolinone B
CHEBI:194019	fumagillin(1-)
CHEBI:194020	(6S)-3,3-dimethyl-5,6-dihydro-4H-pyridine-2,6-dicarboxylate
CHEBI:194025	(6S)-3,3-dimethylpiperidinium-2,6-dicarboxylate
CHEBI:194026	(2S)-5,5-dimethylpiperidinium-2-carboxylate
CHEBI:194028	(1R,4R,5S)-acoradiene
CHEBI:194090	pre-flavunoidine(2+)
CHEBI:194091	flavunoidine(2+)
CHEBI:195495	10-hydroxy-pre-flavunoidine
CHEBI:195527	2,6,9-trimethyl-13-oxatetracyclo[6.3.1.1(6,9).0(1,5)]tridecane carbocation
CHEBI:20	(+)-camphene
CHEBI:201384	sartorypyrone D
CHEBI:203993	Sartorypyrone A
CHEBI:219774	bonnadiene
CHEBI:219780	allokutznerene
CHEBI:226390	Cattleyene
CHEBI:228	(4R,7R)-4-isopropenyl-7-methyloxepan-2-one
CHEBI:228261	(R,2E)-alpha-cericerene
CHEBI:228367	sesterfisherate
CHEBI:229523	silphinene
CHEBI:229601	ent-beyerene
CHEBI:229949	(24S)-24,25-epoxycucurbitadienol
CHEBI:230481	variecoladiene
CHEBI:231458	motiol
CHEBI:231493	palustrol
CHEBI:231497	selina-6-en-4-ol
CHEBI:231737	2-trans,6-trans,10-trans-geranylgeranyl-triacetate lactone
CHEBI:231738	(S)-2-trans,6-trans,10-trans-epoxygeranylgeranyl-triacetate lactone
CHEBI:231739	sartorypyrone F
CHEBI:231741	sartorypyrone G
CHEBI:231783	(+)-sativene
CHEBI:231796	(S,S)-drim-8-en-11-yl diphosphate(3-)
CHEBI:231826	ent-trachylobane
CHEBI:231828	ent-(12E)-labda-8(17),12,14-triene
CHEBI:231830	16alpha-hydroxy-ent-kaurene
CHEBI:232	(+)-cis-carveol
CHEBI:232471	isomotiol
CHEBI:232472	2alpha-hydroxyisomotiol
CHEBI:232474	3-O-(beta-D-glucopyranosyl)-isomotiol
CHEBI:232475	3-O-(beta-D-glucopyranosyl)-2alpha-hydroxyisomotiol
CHEBI:232477	3-O-(beta-D-glucopyranosyl)-2alpha-acetoxyisomotiol
CHEBI:232478	2-deacetoxyfuscoatroside
CHEBI:232479	2-deacetylfuscoatroside
CHEBI:232480	fuscoatroside
CHEBI:232481	19beta-hydroxyisomotiol
CHEBI:232482	2alpha,19beta-dihydroxyisomotiol
CHEBI:232483	2alpha-hydroxyismotiol-19-one
CHEBI:232484	2-deacetyl,3-deglucopyranosyl-fuscoatroside
CHEBI:233473	(-)-longiborneol
CHEBI:234437	(-)-dauca-4(11),8-diene
CHEBI:234454	(8R,9S)-8,9-epoxydauca-4(11)ene-8-oate
CHEBI:234481	sterpurene
CHEBI:234482	(1R,2R)-menth-2-en-1-ol
CHEBI:234485	africanol
CHEBI:234487	4-hydroxyafricanol
CHEBI:234488	4-oxoafricanol
CHEBI:234489	2-dehydroxy-2-en-4-oxoafricanol
CHEBI:234490	ophiocerate
CHEBI:234556	4,16-didehydroxyvinigrol
CHEBI:23925	(+)-5-epi-aristolochene
CHEBI:25646	octanoate
CHEBI:27474	pyrethrin II
CHEBI:27607	thymol
CHEBI:27723	beta-cadinene
CHEBI:27741	3'-hydroxyflavonoid
CHEBI:27815	pyrethrin I
CHEBI:27961	1,8-cineole
CHEBI:28	(R)-linalool
CHEBI:28261	(+)-alpha-pinene
CHEBI:28283	capsidiol
CHEBI:28359	(-)-beta-pinene
CHEBI:28412	eriodictyol
CHEBI:28660	(-)-alpha-pinene
CHEBI:28744	2-hydroxy-17beta-estradiol
CHEBI:29452	nerol
CHEBI:29519	aphidicolan-16beta-ol
CHEBI:29616	abieta-8(14),12-diene
CHEBI:29651	neoabietadiene
CHEBI:300	(R)-(+)-alpha-terpineol
CHEBI:30037	taxa-4,11-diene
CHEBI:30232	abieta-7,13-diene
CHEBI:30245	linoleate
CHEBI:30879	alcohol
CHEBI:31	(+)-menthone
CHEBI:32395	arachidonate
CHEBI:324935	fumagillol
CHEBI:32544	nicotinate
CHEBI:32551	L-lysinium(1+)
CHEBI:3440	carvacrol
CHEBI:35194	isoprene
CHEBI:35596	(+)-pulegone
CHEBI:35811	2-endo-hydroxy-1,8-cineole
CHEBI:36464	(R)-mevalonate
CHEBI:36484	hopan-22-ol
CHEBI:36492	(+)-isomenthone
CHEBI:36517	germacrene A
CHEBI:36658	6-methylsalicylate
CHEBI:36740	alpha-pinene
CHEBI:37047	(+)-cis-isopulegone
CHEBI:3706	cinerin I
CHEBI:3707	cinerin II
CHEBI:38249	(1S,4R)-1-hydroxylimonen-2-one
CHEBI:3830	camphene
CHEBI:39111	(Z,S)-pyrethrolone
CHEBI:39113	jasmolin I
CHEBI:39114	jasmolin II
CHEBI:39242	cis-beta-farnesene
CHEBI:41595	(+)-germacrene A
CHEBI:42977	25-hydroxycholesterol
CHEBI:43074	(3S)-3-hydroxy-3-methylglutaryl-CoA(5-)
CHEBI:43445	(+)-aristolochene
CHEBI:4648	hop-22(29)-ene
CHEBI:46702	(-)-geosmin
CHEBI:46734	(1E,4S,5E,7R)-germacra-1(10),5-dien-11-ol
CHEBI:46971	premnaspirodiene
CHEBI:48741	beta-phellandrene
CHEBI:49044	(-)-germacrene D
CHEBI:49045	germacrene D
CHEBI:49046	(+)-germacrene D
CHEBI:49204	(+)-guaia-6,9-diene
CHEBI:49210	beta-himachalene
CHEBI:49214	alpha-himachalene
CHEBI:49224	gamma-himachalene
CHEBI:49231	sibirene
CHEBI:49238	(Z)-gamma-bisabolene
CHEBI:49239	(E)-gamma-bisabolene
CHEBI:49241	(Z)-alpha-bisabolene
CHEBI:49242	(E)-alpha-bisabolene
CHEBI:49243	(E,R)-alpha-bisabolene
CHEBI:49249	beta-bisabolene
CHEBI:49263	(S)-beta-bisabolene
CHEBI:49278	delta-selinene
CHEBI:49279	(+)-delta-selinene
CHEBI:49290	gamma-humulene
CHEBI:50025	beta-pinene
CHEBI:50026	(+)-beta-pinene
CHEBI:50027	sabinene
CHEBI:50028	(-)-sabinene
CHEBI:50029	(+)-sabinene
CHEBI:50031	alpha-thujene
CHEBI:50060	ent-cassa-12,15-diene
CHEBI:50061	ent-sandaracopimara-8(14),15-diene
CHEBI:50063	ent-pimara-8(14),15-diene
CHEBI:50064	ent-pimara-9(11),15-diene
CHEBI:50067	9beta-pimara-7,15-diene
CHEBI:50068	stemod-13(17)-ene
CHEBI:50069	stemar-13-ene
CHEBI:50245	(1R,4S)-1-hydroxylimonen-2-one
CHEBI:50246	1-hydroxylimonen-2-one
CHEBI:50250	(4R,7S)-7-isopropyl-4-methyloxepan-2-one
CHEBI:50283	(R)-lavandulol
CHEBI:50302	terpentetriene
CHEBI:50783	ent-isokaurene
CHEBI:51458	(+)-epi-isozizaene
CHEBI:51460	albaflavenone
CHEBI:51479	(5R)-albaflavenol
CHEBI:51480	(5S)-albaflavenol
CHEBI:5171	friedelin
CHEBI:52026	amorpha-4,11-diene
CHEBI:52226	epi-cedrol
CHEBI:52280	isopimara-7,15-diene
CHEBI:52317	thalianol
CHEBI:52463	fusicocca-2,10(14)-diene
CHEBI:5337	(1E,4E)-germacrene B
CHEBI:53643	phyllocladan-16alpha-ol
CHEBI:57293	(+)-bornyl diphosphate(3-)
CHEBI:57310	presqualene diphosphate(3-)
CHEBI:57341	3-hydroxy-3-(4-methylpent-3-en-1-yl)glutaryl-CoA(5-)
CHEBI:57384	malonyl-CoA(5-)
CHEBI:57533	geranylgeranyl diphosphate(3-)
CHEBI:57618	FMNH2(2-)
CHEBI:57623	prenyl diphosphate(3-)
CHEBI:57665	neryl diphosphate(3-)
CHEBI:5768	(1E,4E,8E)-alpha-humulene
CHEBI:57694	quercetin-7-olate
CHEBI:57716	O-acetyl-L-homoserine zwitterion
CHEBI:57792	1-deoxy-D-xylulose 5-phosphate(2-)
CHEBI:57907	all-trans-pentaprenyl diphosphate(3-)
CHEBI:58057	geranyl diphosphate(3-)
CHEBI:58121	D-ribulose 5-phosphate(2-)
CHEBI:58179	all-trans-hexaprenyl diphosphate(3-)
CHEBI:58206	all-trans-heptaprenyl diphosphate(3-)
CHEBI:58210	FMN(3-)
CHEBI:58262	2-C-methyl-D-erythritol 4-phosphate(2-)
CHEBI:58553	5beta,9alpha,10alpha-labda-8(20),13-dien-15-yl diphosphate(3-)
CHEBI:58562	all-cis-5,8,11,14,17-icosapentaenoate
CHEBI:58573	kaempferol oxoanion
CHEBI:58622	5alpha,9beta,10alpha-labda-8(20),13-dien-15-yl diphosphate(3-)
CHEBI:58635	5alpha,9alpha,10beta-labda-8(20),13-dien-15-yl diphosphate(3-)
CHEBI:58756	2-trans,6-trans,10-trans-geranylgeranyl diphosphate(3-)
CHEBI:58819	(R,R)-chrysanthemyl diphosphate(3-)
CHEBI:58821	terpentedienyl diphosphate(3-)
CHEBI:58822	tuberculosinyl diphosphate(3-)
CHEBI:59776	D-glyceraldehyde 3-phosphate(2-)
CHEBI:59958	(3S,6E)-nerolidol
CHEBI:59959	(3R,6E)-nerolidol
CHEBI:59961	alpha-selinene
CHEBI:60158	(E)-4,8-dimethyl-1,3,7-nonatriene
CHEBI:60374	2-cis,6-cis-farnesyl diphosphate(3-)
CHEBI:60968	presilphiperfolan-8beta-ol
CHEBI:61148	drimenol
CHEBI:61344	(S)-beta-macrocarpene
CHEBI:61478	germacrene C
CHEBI:61677	(+)-alpha-santalene
CHEBI:61678	(+)-endo-beta-bergamotene
CHEBI:61679	(-)-endo-alpha-bergamotene
CHEBI:61687	cis-muurola-3,5-diene
CHEBI:61688	cis-muurola-4(14),5-diene
CHEBI:61690	(+)-alpha-barbatene
CHEBI:61699	(-)-alpha-gurjunene
CHEBI:61700	(+)-valencene
CHEBI:61737	(+)-thujopsene
CHEBI:61746	(+)-beta-chamigrene
CHEBI:61984	(E)-2-methylgeranyl diphosphate(3-)
CHEBI:61987	2-methylisoborneol
CHEBI:62224	(-)-7-epi-alpha-selinene
CHEBI:62262	isomultiflorenol
CHEBI:62416	dammarenediol-II
CHEBI:62417	arabidiol
CHEBI:62432	abscisates
CHEBI:62447	dammara-20,24-diene
CHEBI:62452	camelliol C
CHEBI:62455	germanicol
CHEBI:62456	cucurbitadienol
CHEBI:62457	(17Z)-protosta-17(20),24-dien-3beta-ol
CHEBI:62513	gamma-eudesmol
CHEBI:62514	10-epi-gamma-eudesmol
CHEBI:62641	perillate
CHEBI:62735	lupan-3beta,20-diol
CHEBI:62753	alpha-longipinene
CHEBI:62756	(-)-exo-alpha-bergamotene
CHEBI:62760	(-)-beta-curcumene
CHEBI:62762	(+)-2-epi-prezizaene
CHEBI:62855	(-)-beta-elemene
CHEBI:63190	(+)-beta-caryophyllene
CHEBI:63196	(+)-caryolan-1-ol
CHEBI:63203	(-)-gamma-cadinene
CHEBI:63205	(+)-gamma-cadinene
CHEBI:63244	pentalen-13-al
CHEBI:63443	alpha-guaiene
CHEBI:63444	viridiflorene
CHEBI:63445	5-epi-alpha-selinene
CHEBI:63446	(-)-cubebol
CHEBI:63447	delta-guaiene
CHEBI:63459	shionone
CHEBI:63460	parkeol
CHEBI:63461	achilleol B
CHEBI:63462	glutinol
CHEBI:63463	baccharis oxide
CHEBI:63464	alpha-seco-amyrin
CHEBI:63465	marneral
CHEBI:63466	beta-seco-amyrin
CHEBI:63467	delta-amyrin
CHEBI:63468	tirucalla-7,24-dien-3beta-ol
CHEBI:63682	(5S,9S,10S,13E)-labda-7,13-dien-15-yl diphosphate(3-)
CHEBI:63683	(13E)-labda-7,13-dien-15-ol
CHEBI:63696	gamma-curcumene
CHEBI:63701	(-)-alpha-cuprenene
CHEBI:63702	avermitilol
CHEBI:63703	(-)-delta-cadinene
CHEBI:63704	(+)-Tau-muurolol
CHEBI:63707	syn-labda-8(17),12E,14-triene
CHEBI:63708	isopimara-8(14),15-diene
CHEBI:63709	bicyclogermacrene
CHEBI:63710	7-epi-sesquithujene
CHEBI:63711	sesquithujene
CHEBI:63712	baruol
CHEBI:63892	zerumbone
CHEBI:63893	8-hydroxy-alpha-humulene
CHEBI:64232	(3S,6R)-6-isopropenyl-3-methyloxepan-2-one
CHEBI:64234	3-isopropenyl-6-oxoheptanoate
CHEBI:64239	(6E)-8-oxogeranial
CHEBI:64259	(6E)-8-oxolinalool
CHEBI:64266	tricyclene
CHEBI:64280	(E)-beta-ocimene
CHEBI:64283	copal-8-ol diphosphate(3-)
CHEBI:64361	beta-sesquiphellandrene
CHEBI:64688	artemisinic aldehyde
CHEBI:64691	(11R)-dihydroartemisinic aldehyde
CHEBI:64782	(+)-artemisinate
CHEBI:64784	[(1R)-2,2,3-trimethyl-5-oxocyclopent-3-enyl]acetyl-CoA(4-)
CHEBI:64785	[(2R)-3,3,4-trimethyl-6-oxo-3,6-dihydro-1H-pyran-2-yl]acetyl-CoA(4-)
CHEBI:64797	alpha-muurolene
CHEBI:64798	gamma-muurolene
CHEBI:64799	beta-copaene
CHEBI:64801	(R)-tetraprenyl-beta-curcumene
CHEBI:65037	miltiradiene
CHEBI:6530	longifolene
CHEBI:6570	lupeol
CHEBI:66349	variecolin
CHEBI:67182	sporulenol
CHEBI:67260	geranate
CHEBI:67988	ginsenoside Rd
CHEBI:67991	(20S)-ginsenoside Rg3
CHEBI:68624	cis-abienol
CHEBI:68625	valerena-4,7(11)-diene
CHEBI:68655	Delta(6)-protoilludene
CHEBI:68658	(+)-epi-alpha-bisabolol
CHEBI:68666	(-)-alpha-isocomene
CHEBI:68667	(E)-2-epi-beta-caryophyllene
CHEBI:69021	berkeleydione
CHEBI:69022	berkeleytrione
CHEBI:69023	preaustinoid A
CHEBI:69024	berkeleyone A
CHEBI:69025	berkeleyone B
CHEBI:69026	preaustinoid A1
CHEBI:7	(+)-car-3-ene
CHEBI:71410	7-methyl-3-oxooct-6-enoyl-CoA(4-)
CHEBI:72776	kunzeaol
CHEBI:74299	geranyllinalool
CHEBI:74322	4,8,12-trimethyltrideca 1,3,7,11-tetraene
CHEBI:75950	(20S)-protopanaxadiol
CHEBI:76625	11,12-EET(1-)
CHEBI:76627	19-HETE(1-)
CHEBI:76634	17(R),18(S)-EETeTr(1-)
CHEBI:76636	19-HEPE(1-)
CHEBI:76954	(13S)-vitexifolin A
CHEBI:77016	(4Z,7Z,10Z,13Z,16Z,19Z)-docosahexaenoate
CHEBI:77092	fenbendazole
CHEBI:77145	ginsenoside F2
CHEBI:77146	ginsenoside C-K
CHEBI:77147	(20S)-ginsenoside Rh2
CHEBI:77895	9(R)-HODE(1-)
CHEBI:78043	(5Z,8Z,11Z)-icosatrienoate
CHEBI:78293	ophiobolin F
CHEBI:78352	cyclooctat-9-en-7-ol
CHEBI:78370	cyclooctatin
CHEBI:78836	11(R)-HETE(1-)
CHEBI:78837	15(R)-HETE(1-)
CHEBI:78884	4-terpineol
CHEBI:7940	patchouli alcohol
CHEBI:80749	alpha-cadinene
CHEBI:80940	beta-gurjunene
CHEBI:8210	pimara-8(14),15-diene
CHEBI:82798	cembrene C
CHEBI:82799	(R)-nephthenol
CHEBI:82800	(R)-cembrene A
CHEBI:82801	(1S,4E,8E,12E)-2,2,5,9,13-pentamethylcyclopentadeca-4,8,12-trien-1-ol
CHEBI:83343	12(R)-HETE(1-)
CHEBI:84024	14,15-EET(1-)
CHEBI:87574	(Z)-beta-ocimene
CHEBI:88107	geranyl phosphate(2-)
CHEBI:88840	isoterpinolene
CHEBI:89	(-)-camphene
CHEBI:9053	sclareol
CHEBI:9402	taraxerol
CHEBI:9457	terpinolene
CHEBI:9493	tetrahymanol
CHEBI:98	(S)-linalool
